draft_date,actual_upstream,actual_downstream
1/1/2010,833,18
1/2/2010,809,18
1/3/2010,805,18
1/4/2010,804,18
1/5/2010,808,9
1/6/2010,804,0
1/7/2010,812,0
1/8/2010,813,0
1/9/2010,810,0
1/10/2010,823,0
1/11/2010,814,0
1/12/2010,808,0
1/13/2010,816,0
1/14/2010,708,0
1/15/2010,600,0
1/16/2010,380,0
1/17/2010,50,0
1/18/2010,13,0
1/19/2010,17,0
1/20/2010,0,0
1/21/2010,0,5
1/22/2010,0,9
1/23/2010,0,9
1/24/2010,0,9
1/25/2010,0,9
1/26/2010,0,9
1/27/2010,0,10
1/28/2010,0,10
1/29/2010,0,6
1/30/2010,0,0
1/31/2010,0,0
2/1/2010,0,0
2/2/2010,0,0
2/3/2010,0,0
2/4/2010,0,0
2/5/2010,0,0
2/6/2010,0,0
2/7/2010,0,0
2/8/2010,0,0
2/9/2010,0,0
2/10/2010,0,0
2/11/2010,0,0
2/12/2010,0,0
2/13/2010,0,0
2/14/2010,0,0
2/15/2010,0,0
2/16/2010,0,0
2/17/2010,0,0
2/18/2010,0,0
2/19/2010,0,0
2/20/2010,0,0
2/21/2010,0,0
2/22/2010,0,0
2/23/2010,0,0
2/24/2010,0,0
2/25/2010,0,0
2/26/2010,0,0
2/27/2010,0,0
2/28/2010,0,0
3/1/2010,151,0
3/2/2010,50,0
3/3/2010,50,0
3/4/2010,50,0
3/5/2010,25,0
3/6/2010,0,0
3/7/2010,0,0
3/8/2010,0,0
3/9/2010,101,0
3/10/2010,0,0
3/11/2010,51,0
3/12/2010,65,1
3/13/2010,34,1
3/14/2010,51,1
3/15/2010,38,1
3/16/2010,78,1
3/17/2010,77,1
3/18/2010,78,1
3/19/2010,148,1
3/20/2010,166,1
3/21/2010,169,1
3/22/2010,191,1
3/23/2010,226,1
3/24/2010,253,1
3/25/2010,250,1
3/26/2010,256,1
3/27/2010,257,1
3/28/2010,259,2
3/29/2010,114,2
3/30/2010,34,2
3/31/2010,67,2
4/1/2010,344,11
4/2/2010,267,8
4/3/2010,239,8
4/4/2010,195,2
4/5/2010,148,2
4/6/2010,143,2
4/7/2010,179,2
4/8/2010,234,2
4/9/2010,259,2
4/10/2010,245,2
4/11/2010,250,2
4/12/2010,381,3
4/13/2010,297,3
4/14/2010,357,3
4/15/2010,348,3
4/16/2010,374,3
4/17/2010,351,3
4/18/2010,261,3
4/19/2010,286,3
4/20/2010,230,3
4/21/2010,342,3
4/22/2010,419,3
4/23/2010,438,3
4/24/2010,461,3
4/25/2010,664,3
4/26/2010,1089,3
4/27/2010,1416,43
4/28/2010,1542,51
4/29/2010,1696,62
4/30/2010,1888,83
5/1/2010,2109,95
5/2/2010,2293,122
5/3/2010,2640,120
5/4/2010,2964,164
5/5/2010,3169,168
5/6/2010,3407,177
5/7/2010,3593,141
5/8/2010,3768,147
5/9/2010,4072,171
5/10/2010,4069,175
5/11/2010,3913,173
5/12/2010,3817,154
5/13/2010,3808,195
5/14/2010,3995,282
5/15/2010,3972,304
5/16/2010,4074,304
5/17/2010,4119,265
5/18/2010,3766,199
5/19/2010,3794,246
5/20/2010,3686,383
5/21/2010,3699,292
5/22/2010,3959,287
5/23/2010,3679,273
5/24/2010,3559,263
5/25/2010,3514,322
5/26/2010,3344,377
5/27/2010,3024,356
5/28/2010,2711,236
5/29/2010,2681,167
5/30/2010,2364,177
5/31/2010,2475,317
6/1/2010,2489,219
6/2/2010,2682,275
6/3/2010,2783,259
6/4/2010,2942,241
6/5/2010,2918,271
6/6/2010,3100,248
6/7/2010,3098,267
6/8/2010,3280,260
6/9/2010,3555,212
6/10/2010,3596,330
6/11/2010,3645,286
6/12/2010,3642,304
6/13/2010,3611,338
6/14/2010,3766,327
6/15/2010,3983,501
6/16/2010,4271,454
6/17/2010,4258,547
6/18/2010,4337,463
6/19/2010,4231,414
6/20/2010,4110,431
6/21/2010,3924,289
6/22/2010,3789,297
6/23/2010,3738,318
6/24/2010,3818,348
6/25/2010,3957,468
6/26/2010,4046,369
6/27/2010,3994,322
6/28/2010,4055,357
6/29/2010,4200,381
6/30/2010,4355,396
7/1/2010,4257,410
7/2/2010,4308,443
7/3/2010,4300,369
7/4/2010,4257,347
7/5/2010,4312,344
7/6/2010,4317,439
7/7/2010,4359,438
7/8/2010,4484,426
7/9/2010,4452,379
7/10/2010,4469,516
7/11/2010,4405,554
7/12/2010,4452,533
7/13/2010,4430,647
7/14/2010,4299,545
7/15/2010,4242,577
7/16/2010,4100,556
7/17/2010,4141,628
7/18/2010,4325,511
7/19/2010,4134,566
7/20/2010,4121,521
7/21/2010,4179,551
7/22/2010,4194,518
7/23/2010,4137,499
7/24/2010,4130,505
7/25/2010,4074,485
7/26/2010,3876,472
7/27/2010,3857,305
7/28/2010,3972,279
7/29/2010,4009,505
7/30/2010,3923,416
7/31/2010,3916,382
8/1/2010,3894,328
8/2/2010,3919,339
8/3/2010,3917,405
8/4/2010,3925,369
8/5/2010,3929,362
8/6/2010,3903,353
8/7/2010,3835,329
8/8/2010,3743,316
8/9/2010,3687,376
8/10/2010,3699,393
8/11/2010,3723,353
8/12/2010,3721,369
8/13/2010,3613,274
8/14/2010,3649,327
8/15/2010,3552,292
8/16/2010,3611,239
8/17/2010,3608,271
8/18/2010,3614,375
8/19/2010,3558,231
8/20/2010,3565,273
8/21/2010,3573,240
8/22/2010,3519,231
8/23/2010,3457,225
8/24/2010,3505,242
8/25/2010,3440,231
8/26/2010,3163,244
8/27/2010,3298,252
8/28/2010,3313,241
8/29/2010,3082,222
8/30/2010,2719,219
8/31/2010,2718,168
9/1/2010,2675,162
9/2/2010,2535,166
9/3/2010,2429,144
9/4/2010,2595,136
9/5/2010,2297,117
9/6/2010,2151,113
9/7/2010,2126,108
9/8/2010,1773,102
9/9/2010,1987,101
9/10/2010,2007,101
9/11/2010,1583,82
9/12/2010,1435,64
9/13/2010,1360,68
9/14/2010,1223,52
9/15/2010,1209,48
9/16/2010,1200,50
9/17/2010,1149,52
9/18/2010,987,59
9/19/2010,930,52
9/20/2010,877,42
9/21/2010,792,43
9/22/2010,776,35
9/23/2010,757,31
9/24/2010,731,42
9/25/2010,737,42
9/26/2010,710,26
9/27/2010,734,18
9/28/2010,694,16
9/29/2010,693,16
9/30/2010,707,15
10/1/2010,912,10
10/2/2010,821,9
10/3/2010,796,9
10/4/2010,778,9
10/5/2010,798,9
10/6/2010,789,9
10/7/2010,792,5
10/8/2010,781,3
10/9/2010,784,0
10/10/2010,694,0
10/11/2010,582,0
10/12/2010,564,0
10/13/2010,592,6
10/14/2010,612,13
10/15/2010,682,12
10/16/2010,725,9
10/17/2010,774,9
10/18/2010,758,8
10/19/2010,832,8
10/20/2010,872,4
10/21/2010,902,5
10/22/2010,1007,3
10/23/2010,1062,0
10/24/2010,1032,0
10/25/2010,1058,0
10/26/2010,1030,0
10/27/2010,1012,1
10/28/2010,1126,0
10/29/2010,1222,0
10/30/2010,1112,0
10/31/2010,1077,0
11/1/2010,1012,0
11/2/2010,962,0
11/3/2010,1038,0
11/4/2010,1239,0
11/5/2010,1279,0
11/6/2010,1279,0
11/7/2010,1279,0
11/8/2010,1634,0
11/9/2010,1779,0
11/10/2010,1880,1
11/11/2010,1934,1
11/12/2010,2093,1
11/13/2010,2097,1
11/14/2010,2082,1
11/15/2010,2079,1
11/16/2010,2155,1
11/17/2010,2107,1
11/18/2010,2090,6
11/19/2010,2040,7
11/20/2010,1988,7
11/21/2010,1873,7
11/22/2010,1855,11
11/23/2010,1829,12
11/24/2010,1696,12
11/25/2010,1716,12
11/26/2010,1770,12
11/27/2010,1720,12
11/28/2010,1717,12
11/29/2010,1734,12
11/30/2010,1658,11
12/1/2010,1657,4
12/2/2010,1549,5
12/3/2010,1551,4
12/4/2010,1485,4
12/5/2010,1434,5
12/6/2010,1399,6
12/7/2010,1266,17
12/8/2010,1301,15
12/9/2010,820,0
12/10/2010,798,8
12/11/2010,802,0
12/12/2010,798,0
12/13/2010,798,0
12/14/2010,808,0
12/15/2010,648,0
12/16/2010,675,0
12/17/2010,620,0
12/18/2010,525,0
12/19/2010,495,0
12/20/2010,540,0
12/21/2010,531,0
12/22/2010,651,0
12/23/2010,450,0
12/24/2010,550,0
12/25/2010,525,0
12/26/2010,500,0
12/27/2010,570,0
12/28/2010,531,0
12/29/2010,630,0
12/30/2010,520,0
12/31/2010,617,0
1/1/2011,558,0
1/2/2011,531,0
1/3/2011,580,0
1/4/2011,570,0
1/5/2011,540,0
1/6/2011,547,0
1/7/2011,484,0
1/8/2011,0,0
1/9/2011,0,0
1/10/2011,0,0
1/11/2011,0,0
1/12/2011,0,0
1/13/2011,0,0
1/14/2011,0,0
1/15/2011,0,0
1/16/2011,0,0
1/17/2011,0,0
1/18/2011,0,0
1/19/2011,0,0
1/20/2011,0,0
1/21/2011,0,0
1/22/2011,0,0
1/23/2011,0,0
1/24/2011,0,0
1/25/2011,0,0
1/26/2011,0,0
1/27/2011,0,0
1/28/2011,0,0
1/29/2011,0,0
1/30/2011,0,0
1/31/2011,0,0
2/1/2011,0,0
2/2/2011,0,0
2/3/2011,0,0
2/4/2011,0,0
2/5/2011,0,0
2/6/2011,0,0
2/7/2011,20,0
2/8/2011,20,0
2/9/2011,20,0
2/10/2011,50,0
2/11/2011,151,0
2/12/2011,151,0
2/13/2011,151,0
2/14/2011,88,0
2/15/2011,101,0
2/16/2011,76,0
2/17/2011,126,0
2/18/2011,277,0
2/19/2011,250,0
2/20/2011,202,0
2/21/2011,187,0
2/22/2011,192,0
2/23/2011,182,0
2/24/2011,173,0
2/25/2011,187,0
2/26/2011,192,0
2/27/2011,181,0
2/28/2011,155,0
3/1/2011,150,0
3/2/2011,118,0
3/3/2011,133,0
3/4/2011,131,0
3/5/2011,116,1
3/6/2011,116,1
3/7/2011,154,1
3/8/2011,138,1
3/9/2011,100,1
3/10/2011,80,1
3/11/2011,89,1
3/12/2011,126,1
3/13/2011,108,1
3/14/2011,117,1
3/15/2011,137,1
3/16/2011,133,1
3/17/2011,118,1
3/18/2011,122,1
3/19/2011,140,1
3/20/2011,180,1
3/21/2011,220,1
3/22/2011,197,1
3/23/2011,139,1
3/24/2011,93,1
3/25/2011,89,1
3/26/2011,66,1
3/27/2011,63,1
3/28/2011,65,1
3/29/2011,99,1
3/30/2011,93,1
3/31/2011,111,1
4/1/2011,99,1
4/2/2011,101,1
4/3/2011,99,1
4/4/2011,108,1
4/5/2011,170,1
4/6/2011,446,1
4/7/2011,296,1
4/8/2011,270,1
4/9/2011,222,1
4/10/2011,213,0
4/11/2011,251,1
4/12/2011,264,0
4/13/2011,277,0
4/14/2011,298,0
4/15/2011,335,5
4/16/2011,387,5
4/17/2011,408,1
4/18/2011,469,20
4/19/2011,565,24
4/20/2011,762,24
4/21/2011,1065,30
4/22/2011,1229,28
4/23/2011,1318,24
4/24/2011,1411,77
4/25/2011,1738,90
4/26/2011,1743,177
4/27/2011,2250,185
4/28/2011,2729,276
4/29/2011,2856,204
4/30/2011,2805,210
5/1/2011,3013,266
5/2/2011,3340,198
5/3/2011,3727,242
5/4/2011,4199,264
5/5/2011,4067,270
5/6/2011,4199,253
5/7/2011,4238,308
5/8/2011,4271,242
5/9/2011,4375,233
5/10/2011,4079,211
5/11/2011,4302,339
5/12/2011,4322,253
5/13/2011,4233,292
5/14/2011,3946,423
5/15/2011,3765,406
5/16/2011,3541,418
5/17/2011,3271,378
5/18/2011,2721,219
5/19/2011,2362,399
5/20/2011,2580,399
5/21/2011,2623,381
5/22/2011,2858,318
5/23/2011,3054,353
5/24/2011,3016,438
5/25/2011,2852,352
5/26/2011,3055,403
5/27/2011,2534,374
5/28/2011,2425,412
5/29/2011,2684,410
5/30/2011,2228,361
5/31/2011,2213,349
6/1/2011,2260,178
6/2/2011,2331,176
6/3/2011,2402,163
6/4/2011,2219,145
6/5/2011,2147,136
6/6/2011,2093,141
6/7/2011,2147,153
6/8/2011,2271,170
6/9/2011,2486,180
6/10/2011,2905,184
6/11/2011,3127,213
6/12/2011,3365,225
6/13/2011,3542,241
6/14/2011,3961,246
6/15/2011,4049,252
6/16/2011,3917,265
6/17/2011,3755,281
6/18/2011,3890,284
6/19/2011,3933,264
6/20/2011,3982,272
6/21/2011,3981,286
6/22/2011,4066,298
6/23/2011,4070,281
6/24/2011,4146,287
6/25/2011,4204,529
6/26/2011,4195,444
6/27/2011,4184,411
6/28/2011,4229,314
6/29/2011,3983,242
6/30/2011,3763,250
7/1/2011,3640,243
7/2/2011,3595,288
7/3/2011,3639,274
7/4/2011,3757,232
7/5/2011,4002,347
7/6/2011,4007,302
7/7/2011,4245,418
7/8/2011,4342,453
7/9/2011,4427,459
7/10/2011,4457,539
7/11/2011,4490,386
7/12/2011,4460,462
7/13/2011,4214,438
7/14/2011,4131,425
7/15/2011,4123,458
7/16/2011,4052,471
7/17/2011,3968,493
7/18/2011,3843,437
7/19/2011,4022,501
7/20/2011,4029,560
7/21/2011,4014,539
7/22/2011,3967,550
7/23/2011,3953,549
7/24/2011,3935,531
7/25/2011,3897,568
7/26/2011,3919,333
7/27/2011,3949,417
7/28/2011,4010,444
7/29/2011,3949,358
7/30/2011,3942,361
7/31/2011,3908,412
8/1/2011,3832,421
8/2/2011,3802,437
8/3/2011,3829,415
8/4/2011,3794,426
8/5/2011,3782,516
8/6/2011,3788,517
8/7/2011,3784,466
8/8/2011,3775,468
8/9/2011,3843,384
8/10/2011,3801,475
8/11/2011,3760,439
8/12/2011,3713,420
8/13/2011,3773,427
8/14/2011,3690,338
8/15/2011,3684,331
8/16/2011,3657,394
8/17/2011,3551,417
8/18/2011,3747,358
8/19/2011,3727,418
8/20/2011,3705,431
8/21/2011,3603,424
8/22/2011,3579,409
8/23/2011,3593,351
8/24/2011,3570,238
8/25/2011,3499,254
8/26/2011,3350,233
8/27/2011,3302,217
8/28/2011,3099,184
8/29/2011,3029,181
8/30/2011,2848,185
8/31/2011,2745,173
9/1/2011,2623,161
9/2/2011,2404,146
9/3/2011,2305,143
9/4/2011,2159,131
9/5/2011,2069,120
9/6/2011,2002,146
9/7/2011,1858,149
9/8/2011,1686,146
9/9/2011,1714,219
9/10/2011,1610,230
9/11/2011,1539,217
9/12/2011,1461,191
9/13/2011,1344,154
9/14/2011,1205,249
9/15/2011,1056,143
9/16/2011,1067,136
9/17/2011,1009,151
9/18/2011,913,136
9/19/2011,868,121
9/20/2011,832,127
9/21/2011,824,84
9/22/2011,780,73
9/23/2011,765,32
9/24/2011,772,60
9/25/2011,774,64
9/26/2011,758,56
9/27/2011,777,22
9/28/2011,736,30
9/29/2011,704,31
9/30/2011,707,16
10/1/2011,760,17
10/2/2011,740,15
10/3/2011,740,14
10/4/2011,742,15
10/5/2011,677,17
10/6/2011,579,5
10/7/2011,453,0
10/8/2011,455,4
10/9/2011,454,4
10/10/2011,445,2
10/11/2011,426,0
10/12/2011,429,0
10/13/2011,456,0
10/14/2011,456,0
10/15/2011,448,0
10/16/2011,487,0
10/17/2011,532,0
10/18/2011,560,0
10/19/2011,629,0
10/20/2011,690,2
10/21/2011,754,2
10/22/2011,791,2
10/23/2011,842,2
10/24/2011,878,2
10/25/2011,965,5
10/26/2011,1040,9
10/27/2011,1090,6
10/28/2011,1173,4
10/29/2011,1179,3
10/30/2011,1202,3
10/31/2011,1229,3
11/1/2011,1241,1
11/2/2011,1371,5
11/3/2011,1479,4
11/4/2011,1499,0
11/5/2011,1546,0
11/6/2011,1616,0
11/7/2011,1569,0
11/8/2011,1590,0
11/9/2011,1706,13
11/10/2011,1928,21
11/11/2011,1807,29
11/12/2011,1672,27
11/13/2011,1635,23
11/14/2011,1589,34
11/15/2011,1425,43
11/16/2011,1382,43
11/17/2011,1481,50
11/18/2011,1556,48
11/19/2011,1450,44
11/20/2011,1424,39
11/21/2011,1400,37
11/22/2011,1338,30
11/23/2011,1239,18
11/24/2011,1117,11
11/25/2011,1118,10
11/26/2011,1085,18
11/27/2011,1116,6
11/28/2011,1061,10
11/29/2011,914,12
11/30/2011,1002,8
12/1/2011,880,5
12/2/2011,874,4
12/3/2011,836,4
12/4/2011,868,4
12/5/2011,890,4
12/6/2011,930,8
12/7/2011,980,14
12/8/2011,972,15
12/9/2011,1032,20
12/10/2011,1047,21
12/11/2011,1066,21
12/12/2011,1050,23
12/13/2011,1043,24
12/14/2011,971,23
12/15/2011,972,18
12/16/2011,931,11
12/17/2011,833,5
12/18/2011,858,0
12/19/2011,859,0
12/20/2011,858,0
12/21/2011,859,0
12/22/2011,856,0
12/23/2011,855,0
12/24/2011,856,0
12/25/2011,856,0
12/26/2011,858,0
12/27/2011,902,0
12/28/2011,902,0
12/29/2011,888,0
12/30/2011,921,0
12/31/2011,937,0
1/1/2012,936,0
1/2/2012,947,0
1/3/2012,997,0
1/4/2012,1034,21
1/5/2012,1045,28
1/6/2012,1045,27
1/7/2012,809,28
1/8/2012,95,24
1/9/2012,24,28
1/10/2012,191,27
1/11/2012,68,23
1/12/2012,36,24
1/13/2012,17,30
1/14/2012,39,32
1/15/2012,39,32
1/16/2012,39,24
1/17/2012,39,20
1/18/2012,38,18
1/19/2012,49,15
1/20/2012,25,10
1/21/2012,25,0
1/22/2012,0,0
1/23/2012,0,0
1/24/2012,0,0
1/25/2012,0,0
1/26/2012,0,0
1/27/2012,0,0
1/28/2012,0,0
1/29/2012,0,0
1/30/2012,0,0
1/31/2012,0,0
2/1/2012,0,0
2/2/2012,0,0
2/3/2012,33,0
2/4/2012,31,0
2/5/2012,18,0
2/6/2012,12,0
2/7/2012,15,0
2/8/2012,32,0
2/9/2012,58,0
2/10/2012,74,0
2/11/2012,84,0
2/12/2012,87,0
2/13/2012,90,0
2/14/2012,89,0
2/15/2012,81,0
2/16/2012,76,0
2/17/2012,76,0
2/18/2012,77,0
2/19/2012,86,0
2/20/2012,81,0
2/21/2012,89,0
2/22/2012,121,0
2/23/2012,192,0
2/24/2012,190,0
2/25/2012,190,0
2/26/2012,178,0
2/27/2012,50,0
2/28/2012,168,2
2/29/2012,168,2
3/1/2012,183,1
3/2/2012,175,0
3/3/2012,169,1
3/4/2012,164,9
3/5/2012,210,8
3/6/2012,358,17
3/7/2012,426,41
3/8/2012,292,66
3/9/2012,246,80
3/10/2012,241,71
3/11/2012,230,52
3/12/2012,230,47
3/13/2012,148,32
3/14/2012,141,7
3/15/2012,103,0
3/16/2012,79,0
3/17/2012,102,0
3/18/2012,72,0
3/19/2012,82,0
3/20/2012,179,0
3/21/2012,237,5
3/22/2012,183,8
3/23/2012,152,14
3/24/2012,178,14
3/25/2012,168,13
3/26/2012,146,18
3/27/2012,123,7
3/28/2012,154,1
3/29/2012,103,0
3/30/2012,106,0
3/31/2012,151,0
4/1/2012,140,0
4/2/2012,107,3
4/3/2012,140,0
4/4/2012,170,0
4/5/2012,151,0
4/6/2012,172,0
4/7/2012,148,0
4/8/2012,145,0
4/9/2012,140,5
4/10/2012,144,3
4/11/2012,131,2
4/12/2012,131,0
4/13/2012,117,0
4/14/2012,135,0
4/15/2012,139,73
4/16/2012,128,135
4/17/2012,128,113
4/18/2012,140,90
4/19/2012,259,90
4/20/2012,295,106
4/21/2012,295,114
4/22/2012,415,114
4/23/2012,394,69
4/24/2012,513,83
4/25/2012,656,109
4/26/2012,698,111
4/27/2012,761,44
4/28/2012,861,55
4/29/2012,1036,69
4/30/2012,1252,67
5/1/2012,1766,115
5/2/2012,2072,124
5/3/2012,2440,116
5/4/2012,2805,154
5/5/2012,3255,180
5/6/2012,3410,214
5/7/2012,4287,345
5/8/2012,4177,511
5/9/2012,4350,379
5/10/2012,4355,436
5/11/2012,4416,367
5/12/2012,4523,252
5/13/2012,4487,240
5/14/2012,4506,315
5/15/2012,4421,304
5/16/2012,4370,401
5/17/2012,4419,423
5/18/2012,4415,405
5/19/2012,4382,459
5/20/2012,4281,462
5/21/2012,4147,499
5/22/2012,4089,410
5/23/2012,3909,418
5/24/2012,3776,449
5/25/2012,3768,349
5/26/2012,3771,428
5/27/2012,3726,371
5/28/2012,3566,356
5/29/2012,3543,410
5/30/2012,3571,402
5/31/2012,3592,473
6/1/2012,3511,474
6/2/2012,3435,417
6/3/2012,3580,416
6/4/2012,3633,452
6/5/2012,3492,276
6/6/2012,3393,386
6/7/2012,3369,350
6/8/2012,3363,422
6/9/2012,3367,344
6/10/2012,3441,376
6/11/2012,3541,371
6/12/2012,3860,392
6/13/2012,4170,418
6/14/2012,4220,423
6/15/2012,4438,433
6/16/2012,4179,446
6/17/2012,4141,402
6/18/2012,4340,379
6/19/2012,4357,389
6/20/2012,4278,466
6/21/2012,4379,447
6/22/2012,4470,478
6/23/2012,4408,547
6/24/2012,3947,527
6/25/2012,4168,624
6/26/2012,3963,439
6/27/2012,4266,445
6/28/2012,4268,413
6/29/2012,4193,432
6/30/2012,4584,442
7/1/2012,4000,405
7/2/2012,4021,399
7/3/2012,4058,449
7/4/2012,4105,433
7/5/2012,4146,451
7/6/2012,4080,424
7/7/2012,4119,452
7/8/2012,4051,391
7/9/2012,4014,496
7/10/2012,3940,449
7/11/2012,3935,457
7/12/2012,3994,502
7/13/2012,3944,378
7/14/2012,4046,467
7/15/2012,3925,417
7/16/2012,3829,300
7/17/2012,3822,505
7/18/2012,3816,385
7/19/2012,3881,337
7/20/2012,3875,303
7/21/2012,3811,344
7/22/2012,3771,334
7/23/2012,3755,346
7/24/2012,3701,327
7/25/2012,3685,332
7/26/2012,3738,327
7/27/2012,3830,320
7/28/2012,3765,285
7/29/2012,3755,274
7/30/2012,3678,288
7/31/2012,3754,253
8/1/2012,3710,229
8/2/2012,3778,269
8/3/2012,3795,325
8/4/2012,3721,359
8/5/2012,3670,324
8/6/2012,3616,328
8/7/2012,3614,309
8/8/2012,3622,296
8/9/2012,3652,314
8/10/2012,3623,381
8/11/2012,3658,418
8/12/2012,3538,417
8/13/2012,3620,399
8/14/2012,3651,304
8/15/2012,3687,283
8/16/2012,3649,279
8/17/2012,3651,267
8/18/2012,3578,272
8/19/2012,3390,252
8/20/2012,3401,258
8/21/2012,3384,274
8/22/2012,3348,272
8/23/2012,3249,276
8/24/2012,3209,284
8/25/2012,3127,275
8/26/2012,3066,263
8/27/2012,2927,261
8/28/2012,2871,240
8/29/2012,2855,232
8/30/2012,2728,703
8/31/2012,2609,223
9/1/2012,2469,127
9/2/2012,1944,120
9/3/2012,1850,105
9/4/2012,1747,115
9/5/2012,1640,131
9/6/2012,1439,129
9/7/2012,1429,132
9/8/2012,1351,129
9/9/2012,1292,122
9/10/2012,1235,104
9/11/2012,1191,96
9/12/2012,1025,86
9/13/2012,962,83
9/14/2012,1015,72
9/15/2012,914,61
9/16/2012,875,44
9/17/2012,799,45
9/18/2012,747,55
9/19/2012,718,71
9/20/2012,717,69
9/21/2012,713,72
9/22/2012,687,80
9/23/2012,684,84
9/24/2012,693,72
9/25/2012,690,48
9/26/2012,614,23
9/27/2012,602,19
9/28/2012,637,16
9/29/2012,634,10
9/30/2012,580,8
10/1/2012,547,8
10/2/2012,534,13
10/3/2012,565,14
10/4/2012,568,16
10/5/2012,567,20
10/6/2012,582,22
10/7/2012,567,22
10/8/2012,599,20
10/9/2012,655,19
10/10/2012,720,15
10/11/2012,727,12
10/12/2012,832,11
10/13/2012,850,10
10/14/2012,874,10
10/15/2012,841,10
10/16/2012,887,10
10/17/2012,904,3
10/18/2012,895,6
10/19/2012,865,7
10/20/2012,864,10
10/21/2012,867,12
10/22/2012,890,3
10/23/2012,931,0
10/24/2012,978,0
10/25/2012,1062,0
10/26/2012,1196,5
10/27/2012,1375,52
10/28/2012,1422,89
10/29/2012,1452,74
10/30/2012,1499,72
10/31/2012,1569,55
11/1/2012,1496,43
11/2/2012,1686,36
11/3/2012,1549,37
11/4/2012,1505,30
11/5/2012,1567,50
11/6/2012,1678,49
11/7/2012,1644,35
11/8/2012,1616,28
11/9/2012,1563,24
11/10/2012,1562,22
11/11/2012,1528,23
11/12/2012,1537,20
11/13/2012,1535,17
11/14/2012,1652,16
11/15/2012,1628,18
11/16/2012,1506,30
11/17/2012,1488,22
11/18/2012,1342,19
11/19/2012,1329,19
11/20/2012,1336,14
11/21/2012,1395,9
11/22/2012,1266,8
11/23/2012,1149,8
11/24/2012,1149,8
11/25/2012,1160,8
11/26/2012,1152,9
11/27/2012,994,6
11/28/2012,852,1
11/29/2012,833,0
11/30/2012,783,0
12/1/2012,468,0
12/2/2012,425,0
12/3/2012,471,0
12/4/2012,566,1
12/5/2012,580,0
12/6/2012,562,0
12/7/2012,655,0
12/8/2012,589,0
12/9/2012,647,0
12/10/2012,646,0
12/11/2012,662,0
12/12/2012,701,0
12/13/2012,709,0
12/14/2012,712,0
12/15/2012,548,0
12/16/2012,341,0
12/17/2012,370,0
12/18/2012,399,0
12/19/2012,407,0
12/20/2012,438,0
12/21/2012,450,0
12/22/2012,351,0
12/23/2012,344,0
12/24/2012,326,0
12/25/2012,353,0
12/26/2012,433,0
12/27/2012,390,0
12/28/2012,355,0
12/29/2012,328,0
12/30/2012,353,0
12/31/2012,383,0
1/1/2013,0,0
1/2/2013,0,0
1/3/2013,0,0
1/4/2013,0,0
1/5/2013,0,0
1/6/2013,0,0
1/7/2013,0,0
1/8/2013,0,0
1/9/2013,0,0
1/10/2013,0,0
1/11/2013,0,0
1/12/2013,0,0
1/13/2013,0,0
1/14/2013,0,0
1/15/2013,0,0
1/16/2013,0,0
1/17/2013,0,0
1/18/2013,0,0
1/19/2013,0,0
1/20/2013,0,0
1/21/2013,0,0
1/22/2013,0,0
1/23/2013,0,0
1/24/2013,0,0
1/25/2013,0,0
1/26/2013,0,0
1/27/2013,0,0
1/28/2013,0,0
1/29/2013,0,0
1/30/2013,0,0
1/31/2013,0,0
2/1/2013,0,0
2/2/2013,0,0
2/3/2013,0,0
2/4/2013,0,0
2/5/2013,0,0
2/6/2013,0,0
2/7/2013,0,0
2/8/2013,0,0
2/9/2013,0,0
2/10/2013,0,0
2/11/2013,0,0
2/12/2013,0,0
2/13/2013,0,0
2/14/2013,0,7
2/15/2013,0,10
2/16/2013,0,9
2/17/2013,0,8
2/18/2013,0,6
2/19/2013,0,1
2/20/2013,0,3
2/21/2013,0,3
2/22/2013,0,7
2/23/2013,0,8
2/24/2013,0,6
2/25/2013,0,8
2/26/2013,0,7
2/27/2013,0,9
2/28/2013,0,33
3/1/2013,0,31
3/2/2013,0,35
3/3/2013,0,41
3/4/2013,163,25
3/5/2013,88,23
3/6/2013,36,22
3/7/2013,59,19
3/8/2013,66,28
3/9/2013,88,31
3/10/2013,79,40
3/11/2013,90,44
3/12/2013,176,53
3/13/2013,87,68
3/14/2013,217,93
3/15/2013,134,103
3/16/2013,120,103
3/17/2013,135,119
3/18/2013,158,123
3/19/2013,214,130
3/20/2013,173,128
3/21/2013,122,93
3/22/2013,146,85
3/23/2013,182,75
3/24/2013,150,49
3/25/2013,110,56
3/26/2013,87,94
3/27/2013,100,118
3/28/2013,110,120
3/29/2013,103,116
3/30/2013,132,103
3/31/2013,87,91
4/1/2013,386,92
4/2/2013,358,97
4/3/2013,341,53
4/4/2013,324,9
4/5/2013,287,0
4/6/2013,339,0
4/7/2013,361,0
4/8/2013,360,9
4/9/2013,327,23
4/10/2013,533,43
4/11/2013,599,75
4/12/2013,698,49
4/13/2013,945,41
4/14/2013,1070,54
4/15/2013,1450,58
4/16/2013,1679,69
4/17/2013,1942,284
4/18/2013,2261,198
4/19/2013,2722,129
4/20/2013,3118,125
4/21/2013,3257,156
4/22/2013,3611,150
4/23/2013,3863,156
4/24/2013,3953,102
4/25/2013,4029,219
4/26/2013,4311,247
4/27/2013,4295,272
4/28/2013,4384,324
4/29/2013,4039,254
4/30/2013,3700,249
5/1/2013,3981,283
5/2/2013,4328,296
5/3/2013,4633,397
5/4/2013,4834,433
5/5/2013,4712,359
5/6/2013,4552,390
5/7/2013,4323,333
5/8/2013,3994,353
5/9/2013,3694,336
5/10/2013,3694,351
5/11/2013,3729,394
5/12/2013,3361,311
5/13/2013,3674,401
5/14/2013,3640,382
5/15/2013,3620,434
5/16/2013,3575,454
5/17/2013,3589,406
5/18/2013,3548,413
5/19/2013,3540,320
5/20/2013,3505,420
5/21/2013,3626,367
5/22/2013,3726,458
5/23/2013,3803,459
5/24/2013,3901,454
5/25/2013,4145,445
5/26/2013,3907,442
5/27/2013,3952,450
5/28/2013,3680,426
5/29/2013,3634,413
5/30/2013,3573,369
5/31/2013,3555,428
6/1/2013,3591,441
6/2/2013,3610,433
6/3/2013,3720,413
6/4/2013,3827,426
6/5/2013,3979,391
6/6/2013,4102,402
6/7/2013,4191,416
6/8/2013,4215,474
6/9/2013,4217,455
6/10/2013,4078,445
6/11/2013,4018,363
6/12/2013,3935,363
6/13/2013,3938,358
6/14/2013,4090,366
6/15/2013,4217,379
6/16/2013,4394,380
6/17/2013,4497,458
6/18/2013,4599,439
6/19/2013,4672,497
6/20/2013,4682,558
6/21/2013,4712,547
6/22/2013,4713,556
6/23/2013,4621,488
6/24/2013,4519,477
6/25/2013,4477,531
6/26/2013,4211,421
6/27/2013,4209,579
6/28/2013,4240,493
6/29/2013,4240,472
6/30/2013,4184,507
7/1/2013,4154,394
7/2/2013,4236,382
7/3/2013,4422,464
7/4/2013,4393,440
7/5/2013,4440,469
7/6/2013,4456,451
7/7/2013,4392,436
7/8/2013,4476,441
7/9/2013,4484,399
7/10/2013,4443,414
7/11/2013,4373,379
7/12/2013,4381,419
7/13/2013,4370,315
7/14/2013,4437,445
7/15/2013,4314,423
7/16/2013,4321,375
7/17/2013,4379,424
7/18/2013,4299,408
7/19/2013,4205,422
7/20/2013,4348,421
7/21/2013,4220,429
7/22/2013,4203,448
7/23/2013,4288,430
7/24/2013,4166,482
7/25/2013,4119,498
7/26/2013,4175,491
7/27/2013,4170,468
7/28/2013,4143,515
7/29/2013,4095,466
7/30/2013,4092,410
7/31/2013,4095,411
8/1/2013,3996,377
8/2/2013,3983,392
8/3/2013,3981,333
8/4/2013,3975,400
8/5/2013,4029,290
8/6/2013,4027,285
8/7/2013,3921,258
8/8/2013,3831,250
8/9/2013,3702,230
8/10/2013,3722,228
8/11/2013,3530,210
8/12/2013,3569,208
8/13/2013,3562,213
8/14/2013,3508,256
8/15/2013,3419,305
8/16/2013,3321,304
8/17/2013,3320,213
8/18/2013,3236,138
8/19/2013,3116,208
8/20/2013,2840,277
8/21/2013,2664,306
8/22/2013,2571,327
8/23/2013,2431,320
8/24/2013,2319,292
8/25/2013,2197,282
8/26/2013,2093,272
8/27/2013,1925,264
8/28/2013,1877,296
8/29/2013,1793,290
8/30/2013,1738,287
8/31/2013,1432,230
9/1/2013,1265,137
9/2/2013,1222,102
9/3/2013,1174,94
9/4/2013,1016,91
9/5/2013,978,74
9/6/2013,992,73
9/7/2013,986,71
9/8/2013,1012,70
9/9/2013,1014,78
9/10/2013,944,70
9/11/2013,888,59
9/12/2013,862,53
9/13/2013,780,52
9/14/2013,695,46
9/15/2013,698,33
9/16/2013,722,26
9/17/2013,632,14
9/18/2013,783,25
9/19/2013,743,26
9/20/2013,741,30
9/21/2013,717,28
9/22/2013,682,22
9/23/2013,619,36
9/24/2013,615,39
9/25/2013,598,41
9/26/2013,605,41
9/27/2013,618,38
9/28/2013,621,29
9/29/2013,639,22
9/30/2013,685,21
10/1/2013,746,13
10/2/2013,764,11
10/3/2013,769,13
10/4/2013,760,11
10/5/2013,777,10
10/6/2013,777,12
10/7/2013,822,17
10/8/2013,928,28
10/9/2013,992,28
10/10/2013,1076,27
10/11/2013,1205,28
10/12/2013,1227,28
10/13/2013,1231,20
10/14/2013,1345,17
10/15/2013,1626,12
10/16/2013,1768,13
10/17/2013,1899,10
10/18/2013,1977,16
10/19/2013,2008,16
10/20/2013,2272,15
10/21/2013,2311,16
10/22/2013,1653,15
10/23/2013,2396,14
10/24/2013,2272,28
10/25/2013,2255,30
10/26/2013,2239,27
10/27/2013,2076,28
10/28/2013,2050,27
10/29/2013,1641,27
10/30/2013,1206,25
10/31/2013,897,10
11/1/2013,310,11
11/2/2013,0,15
11/3/2013,0,15
11/4/2013,0,12
11/5/2013,0,10
11/6/2013,0,9
11/7/2013,0,9
11/8/2013,0,9
11/9/2013,0,8
11/10/2013,0,7
11/11/2013,0,7
11/12/2013,0,6
11/13/2013,0,5
11/14/2013,0,4
11/15/2013,0,4
11/16/2013,0,5
11/17/2013,0,4
11/18/2013,0,2
11/19/2013,0,22
11/20/2013,0,29
11/21/2013,0,33
11/22/2013,0,33
11/23/2013,0,32
11/24/2013,0,31
11/25/2013,0,32
11/26/2013,0,32
11/27/2013,0,32
11/28/2013,0,23
11/29/2013,0,20
11/30/2013,0,18
12/1/2013,0,17
12/2/2013,0,12
12/3/2013,0,8
12/4/2013,0,7
12/5/2013,0,6
12/6/2013,0,5
12/7/2013,0,0
12/8/2013,0,0
12/9/2013,0,12
12/10/2013,0,15
12/11/2013,0,19
12/12/2013,0,25
12/13/2013,0,17
12/14/2013,0,16
12/15/2013,0,11
12/16/2013,0,9
12/17/2013,0,7
12/18/2013,0,4
12/19/2013,0,1
12/20/2013,0,0
12/21/2013,0,0
12/22/2013,0,0
12/23/2013,0,0
12/24/2013,0,0
12/25/2013,0,0
12/26/2013,0,0
12/27/2013,0,0
12/28/2013,0,0
12/29/2013,0,0
12/30/2013,0,0
12/31/2013,0,0
1/1/2014,0,0
1/2/2014,0,3
1/3/2014,0,2
1/4/2014,0,0
1/5/2014,0,5
1/6/2014,0,0
1/7/2014,0,9
1/8/2014,0,2
1/9/2014,0,4
1/10/2014,0,4
1/11/2014,0,1
1/12/2014,0,4
1/13/2014,0,11
1/14/2014,0,16
1/15/2014,0,26
1/16/2014,0,27
1/17/2014,0,28
1/18/2014,0,33
1/19/2014,0,36
1/20/2014,0,30
1/21/2014,0,26
1/22/2014,0,26
1/23/2014,0,28
1/24/2014,0,23
1/25/2014,0,19
1/26/2014,0,19
1/27/2014,0,26
1/28/2014,0,32
1/29/2014,0,29
1/30/2014,0,29
1/31/2014,0,34
2/1/2014,0,49
2/2/2014,0,72
2/3/2014,0,92
2/4/2014,0,95
2/5/2014,0,93
2/6/2014,0,45
2/7/2014,0,20
2/8/2014,0,3
2/9/2014,0,1
2/10/2014,0,17
2/11/2014,0,1
2/12/2014,0,3
2/13/2014,0,0
2/14/2014,0,4
2/15/2014,0,2
2/16/2014,0,8
2/17/2014,0,7
2/18/2014,0,28
2/19/2014,0,32
2/20/2014,0,47
2/21/2014,0,44
2/22/2014,0,39
2/23/2014,0,39
2/24/2014,0,54
2/25/2014,0,64
2/26/2014,0,57
2/27/2014,0,56
2/28/2014,0,39
3/1/2014,0,39
3/2/2014,0,42
3/3/2014,0,49
3/4/2014,0,59
3/5/2014,0,60
3/6/2014,0,54
3/7/2014,0,44
3/8/2014,0,46
3/9/2014,0,52
3/10/2014,0,71
3/11/2014,0,79
3/12/2014,0,56
3/13/2014,0,41
3/14/2014,0,36
3/15/2014,0,55
3/16/2014,0,55
3/17/2014,0,50
3/18/2014,0,41
3/19/2014,0,51
3/20/2014,0,57
3/21/2014,0,53
3/22/2014,0,56
3/23/2014,0,61
3/24/2014,0,67
3/25/2014,0,73
3/26/2014,0,68
3/27/2014,0,58
3/28/2014,0,39
3/29/2014,0,19
3/30/2014,0,5
3/31/2014,0,4
4/1/2014,95,4
4/2/2014,114,6
4/3/2014,128,6
4/4/2014,119,4
4/5/2014,118,22
4/6/2014,121,39
4/7/2014,126,45
4/8/2014,116,51
4/9/2014,112,36
4/10/2014,133,35
4/11/2014,148,38
4/12/2014,170,30
4/13/2014,177,29
4/14/2014,206,22
4/15/2014,156,21
4/16/2014,396,29
4/17/2014,451,29
4/18/2014,511,42
4/19/2014,548,40
4/20/2014,496,34
4/21/2014,561,93
4/22/2014,672,182
4/23/2014,744,127
4/24/2014,805,152
4/25/2014,916,155
4/26/2014,918,124
4/27/2014,950,122
4/28/2014,1030,75
4/29/2014,1222,154
4/30/2014,1483,171
5/1/2014,1759,211
5/2/2014,1940,313
5/3/2014,2190,368
5/4/2014,2451,326
5/5/2014,2664,444
5/6/2014,2856,564
5/7/2014,3037,618
5/8/2014,3262,696
5/9/2014,3449,602
5/10/2014,3545,818
5/11/2014,3847,860
5/12/2014,3868,846
5/13/2014,3943,854
5/14/2014,4000,927
5/15/2014,4045,1192
5/16/2014,4168,1117
5/17/2014,4246,1183
5/18/2014,4115,1075
5/19/2014,3941,1151
5/20/2014,3833,1087
5/21/2014,3792,1136
5/22/2014,3789,979
5/23/2014,3733,1042
5/24/2014,3709,900
5/25/2014,3532,730
5/26/2014,3598,692
5/27/2014,3311,657
5/28/2014,3114,641
5/29/2014,3094,677
5/30/2014,3172,566
5/31/2014,3226,565
6/1/2014,3098,548
6/2/2014,3042,495
6/3/2014,3135,495
6/4/2014,3234,475
6/5/2014,3273,515
6/6/2014,3233,506
6/7/2014,3135,578
6/8/2014,3114,573
6/9/2014,3280,585
6/10/2014,3241,553
6/11/2014,3337,610
6/12/2014,3398,740
6/13/2014,3457,796
6/14/2014,3481,811
6/15/2014,3446,706
6/16/2014,3478,650
6/17/2014,3545,630
6/18/2014,3583,632
6/19/2014,3646,698
6/20/2014,3716,725
6/21/2014,3729,722
6/22/2014,3808,701
6/23/2014,3599,693
6/24/2014,3644,705
6/25/2014,3894,707
6/26/2014,3926,715
6/27/2014,3968,694
6/28/2014,3964,616
6/29/2014,3933,625
6/30/2014,3825,674
7/1/2014,3839,720
7/2/2014,3870,764
7/3/2014,3840,798
7/4/2014,3765,912
7/5/2014,3704,961
7/6/2014,3693,972
7/7/2014,3635,896
7/8/2014,3673,752
7/9/2014,3584,727
7/10/2014,3688,748
7/11/2014,3701,814
7/12/2014,3617,804
7/13/2014,3604,796
7/14/2014,3623,771
7/15/2014,3564,740
7/16/2014,3533,667
7/17/2014,3611,682
7/18/2014,3556,736
7/19/2014,3539,747
7/20/2014,3453,715
7/21/2014,3510,715
7/22/2014,3420,635
7/23/2014,3410,633
7/24/2014,3366,584
7/25/2014,3332,628
7/26/2014,3324,636
7/27/2014,3297,608
7/28/2014,3293,583
7/29/2014,3319,603
7/30/2014,3295,640
7/31/2014,3353,647
8/1/2014,3283,653
8/2/2014,3274,656
8/3/2014,3142,669
8/4/2014,3186,665
8/5/2014,3051,676
8/6/2014,3034,612
8/7/2014,2928,513
8/8/2014,2929,486
8/9/2014,2893,477
8/10/2014,2853,481
8/11/2014,2820,508
8/12/2014,2806,513
8/13/2014,2851,508
8/14/2014,2824,509
8/15/2014,2742,551
8/16/2014,2783,557
8/17/2014,2700,553
8/18/2014,2642,521
8/19/2014,2616,493
8/20/2014,2553,450
8/21/2014,2050,433
8/22/2014,2722,430
8/23/2014,2292,405
8/24/2014,2262,404
8/25/2014,2339,409
8/26/2014,2227,409
8/27/2014,2169,388
8/28/2014,2048,362
8/29/2014,2078,297
8/30/2014,1850,245
8/31/2014,1784,235
9/1/2014,1551,287
9/2/2014,1445,226
9/3/2014,1416,142
9/4/2014,1256,109
9/5/2014,1137,105
9/6/2014,1069,109
9/7/2014,1005,119
9/8/2014,1040,89
9/9/2014,1020,71
9/10/2014,981,62
9/11/2014,864,65
9/12/2014,814,61
9/13/2014,835,65
9/14/2014,751,58
9/15/2014,777,44
9/16/2014,792,61
9/17/2014,765,47
9/18/2014,705,37
9/19/2014,696,44
9/20/2014,647,31
9/21/2014,618,29
9/22/2014,590,25
9/23/2014,613,19
9/24/2014,518,18
9/25/2014,467,51
9/26/2014,448,81
9/27/2014,457,85
9/28/2014,402,78
9/29/2014,260,57
9/30/2014,290,35
10/1/2014,184,15
10/2/2014,259,7
10/3/2014,288,5
10/4/2014,304,9
10/5/2014,301,11
10/6/2014,306,7
10/7/2014,382,9
10/8/2014,478,12
10/9/2014,491,12
10/10/2014,591,12
10/11/2014,666,10
10/12/2014,637,10
10/13/2014,696,19
10/14/2014,878,22
10/15/2014,784,78
10/16/2014,830,75
10/17/2014,832,84
10/18/2014,839,78
10/19/2014,809,64
10/20/2014,812,98
10/21/2014,700,125
10/22/2014,907,180
10/23/2014,987,173
10/24/2014,928,173
10/25/2014,952,165
10/26/2014,919,149
10/27/2014,918,179
10/28/2014,965,293
10/29/2014,958,195
10/30/2014,741,334
10/31/2014,683,306
11/1/2014,60,53
11/2/2014,17,3
11/3/2014,11,3
11/4/2014,11,11
11/5/2014,21,13
11/6/2014,0,22
11/7/2014,14,30
11/8/2014,20,33
11/9/2014,20,32
11/10/2014,20,32
11/11/2014,0,30
11/12/2014,0,26
11/13/2014,0,23
11/14/2014,0,20
11/15/2014,0,18
11/16/2014,0,17
11/17/2014,0,14
11/18/2014,0,12
11/19/2014,21,8
11/20/2014,31,4
11/21/2014,18,3
11/22/2014,11,3
11/23/2014,0,3
11/24/2014,0,11
11/25/2014,8,12
11/26/2014,8,10
11/27/2014,77,10
11/28/2014,77,10
11/29/2014,77,3
11/30/2014,77,4
12/1/2014,77,3
12/2/2014,77,3
12/3/2014,77,3
12/4/2014,18,153
12/5/2014,91,47
12/6/2014,114,45
12/7/2014,117,60
12/8/2014,104,71
12/9/2014,68,93
12/10/2014,95,1
12/11/2014,52,12
12/12/2014,13,14
12/13/2014,16,1
12/14/2014,78,1
12/15/2014,80,1
12/16/2014,41,11
12/17/2014,32,6
12/18/2014,0,1
12/19/2014,0,1
12/20/2014,0,1
12/21/2014,0,1
12/22/2014,0,1
12/23/2014,0,1
12/24/2014,0,1
12/25/2014,0,1
12/26/2014,0,1
12/27/2014,0,51
12/28/2014,0,78
12/29/2014,0,78
12/30/2014,0,78
12/31/2014,0,75
1/1/2015,0,0
1/2/2015,0,0
1/3/2015,0,0
1/4/2015,0,0
1/5/2015,0,0
1/6/2015,0,0
1/7/2015,0,0
1/8/2015,0,0
1/9/2015,0,0
1/10/2015,0,0
1/11/2015,0,0
1/12/2015,0,0
1/13/2015,0,0
1/14/2015,0,0
1/15/2015,0,0
1/16/2015,0,0
1/17/2015,0,0
1/18/2015,0,0
1/19/2015,0,0
1/20/2015,0,0
1/21/2015,0,0
1/22/2015,0,0
1/23/2015,0,0
1/24/2015,0,0
1/25/2015,0,0
1/26/2015,0,0
1/27/2015,0,0
1/28/2015,0,0
1/29/2015,0,0
1/30/2015,0,0
1/31/2015,0,0
2/1/2015,0,0
2/2/2015,0,0
2/3/2015,0,0
2/4/2015,0,0
2/5/2015,0,0
2/6/2015,0,0
2/7/2015,0,0
2/8/2015,0,0
2/9/2015,0,0
2/10/2015,0,0
2/11/2015,0,0
2/12/2015,0,0
2/13/2015,0,0
2/14/2015,0,0
2/15/2015,0,0
2/16/2015,0,0
2/17/2015,0,0
2/18/2015,0,0
2/19/2015,0,0
2/20/2015,0,0
2/21/2015,0,0
2/22/2015,0,0
2/23/2015,0,0
2/24/2015,0,0
2/25/2015,0,0
2/26/2015,0,0
2/27/2015,0,0
2/28/2015,0,0
3/1/2015,0,0
3/2/2015,0,0
3/3/2015,0,0
3/4/2015,0,0
3/5/2015,0,47
3/6/2015,0,85
3/7/2015,0,110
3/8/2015,0,116
3/9/2015,0,121
3/10/2015,0,122
3/11/2015,0,101
3/12/2015,0,26
3/13/2015,0,10
3/14/2015,0,22
3/15/2015,0,24
3/16/2015,0,31
3/17/2015,0,39
3/18/2015,0,76
3/19/2015,0,98
3/20/2015,0,104
3/21/2015,0,105
3/22/2015,0,98
3/23/2015,0,97
3/24/2015,0,90
3/25/2015,0,76
3/26/2015,0,62
3/27/2015,0,59
3/28/2015,0,71
3/29/2015,0,74
3/30/2015,0,75
3/31/2015,0,73
4/1/2015,480,99
4/2/2015,473,84
4/3/2015,451,71
4/4/2015,431,66
4/5/2015,408,72
4/6/2015,378,73
4/7/2015,359,39
4/8/2015,321,44
4/9/2015,335,52
4/10/2015,346,63
4/11/2015,353,98
4/12/2015,329,94
4/13/2015,373,80
4/14/2015,473,52
4/15/2015,567,78
4/16/2015,603,73
4/17/2015,655,72
4/18/2015,745,57
4/19/2015,749,71
4/20/2015,960,93
4/21/2015,1319,124
4/22/2015,1717,131
4/23/2015,1882,132
4/24/2015,2031,141
4/25/2015,2169,101
4/26/2015,2567,91
4/27/2015,2923,101
4/28/2015,3164,142
4/29/2015,3712,120
4/30/2015,3589,155
5/1/2015,3719,194
5/2/2015,3724,188
5/3/2015,3347,199
5/4/2015,3498,247
5/5/2015,3546,266
5/6/2015,3585,284
5/7/2015,3709,275
5/8/2015,3857,355
5/9/2015,3748,399
5/10/2015,3772,372
5/11/2015,3732,392
5/12/2015,3773,415
5/13/2015,3604,408
5/14/2015,3619,413
5/15/2015,3517,387
5/16/2015,3317,388
5/17/2015,3252,372
5/18/2015,3124,295
5/19/2015,2985,238
5/20/2015,3057,268
5/21/2015,3010,303
5/22/2015,2996,307
5/23/2015,2849,270
5/24/2015,2710,236
5/25/2015,2735,349
5/26/2015,2818,274
5/27/2015,3241,196
5/28/2015,3048,210
5/29/2015,3030,212
5/30/2015,3145,202
5/31/2015,3003,189
6/1/2015,2764,212
6/2/2015,2896,235
6/3/2015,2903,256
6/4/2015,2899,263
6/5/2015,2894,226
6/6/2015,2987,232
6/7/2015,2865,229
6/8/2015,2924,238
6/9/2015,3132,270
6/10/2015,3303,288
6/11/2015,3329,296
6/12/2015,3391,270
6/13/2015,3361,281
6/14/2015,3291,261
6/15/2015,3252,263
6/16/2015,3489,261
6/17/2015,3741,269
6/18/2015,3769,460
6/19/2015,3771,457
6/20/2015,3695,470
6/21/2015,3738,615
6/22/2015,3744,627
6/23/2015,3645,690
6/24/2015,3726,683
6/25/2015,3730,563
6/26/2015,3762,550
6/27/2015,3718,543
6/28/2015,3711,635
6/29/2015,3698,642
6/30/2015,3693,646
7/1/2015,3676,678
7/2/2015,3676,609
7/3/2015,3675,598
7/4/2015,3693,467
7/5/2015,3668,443
7/6/2015,3715,464
7/7/2015,3535,593
7/8/2015,3591,579
7/9/2015,3567,561
7/10/2015,3537,564
7/11/2015,3513,468
7/12/2015,3348,464
7/13/2015,3315,466
7/14/2015,3293,538
7/15/2015,3352,547
7/16/2015,3378,537
7/17/2015,3364,524
7/18/2015,3411,446
7/19/2015,3386,436
7/20/2015,3341,463
7/21/2015,3308,561
7/22/2015,3363,578
7/23/2015,3248,602
7/24/2015,3275,588
7/25/2015,3423,472
7/26/2015,3392,460
7/27/2015,3266,439
7/28/2015,3455,529
7/29/2015,3240,523
7/30/2015,3308,541
7/31/2015,3295,552
8/1/2015,3300,513
8/2/2015,3259,502
8/3/2015,3074,438
8/4/2015,3161,440
8/5/2015,3221,441
8/6/2015,3080,530
8/7/2015,3028,535
8/8/2015,2887,501
8/9/2015,2869,469
8/10/2015,2931,372
8/11/2015,2826,383
8/12/2015,2836,372
8/13/2015,2736,473
8/14/2015,2741,468
8/15/2015,2695,461
8/16/2015,2599,464
8/17/2015,2517,358
8/18/2015,2361,350
8/19/2015,2414,354
8/20/2015,2286,412
8/21/2015,2152,395
8/22/2015,1925,355
8/23/2015,1841,329
8/24/2015,1854,202
8/25/2015,1860,174
8/26/2015,1772,169
8/27/2015,1672,137
8/28/2015,1633,131
8/29/2015,1543,100
8/30/2015,1582,108
8/31/2015,1246,108
9/1/2015,1714,110
9/2/2015,1669,105
9/3/2015,1491,107
9/4/2015,1530,107
9/5/2015,1390,123
9/6/2015,1355,111
9/7/2015,1278,107
9/8/2015,1331,120
9/9/2015,1368,72
9/10/2015,1364,57
9/11/2015,1333,41
9/12/2015,1315,37
9/13/2015,1266,53
9/14/2015,1245,75
9/15/2015,1215,82
9/16/2015,1290,92
9/17/2015,1287,92
9/18/2015,1315,86
9/19/2015,1269,75
9/20/2015,1229,63
9/21/2015,1173,58
9/22/2015,1246,66
9/23/2015,1308,70
9/24/2015,1291,69
9/25/2015,1249,56
9/26/2015,1285,42
9/27/2015,1286,31
9/28/2015,1313,68
9/29/2015,1335,59
9/30/2015,1306,52
10/1/2015,1134,35
10/2/2015,1270,29
10/3/2015,1263,30
10/4/2015,1287,21
10/5/2015,1252,24
10/6/2015,1256,16
10/7/2015,1243,9
10/8/2015,1289,15
10/9/2015,1261,24
10/10/2015,1266,19
10/11/2015,1327,16
10/12/2015,1300,16
10/13/2015,1319,23
10/14/2015,1314,27
10/15/2015,1305,32
10/16/2015,1379,34
10/17/2015,1301,32
10/18/2015,1281,28
10/19/2015,1280,30
10/20/2015,1222,29
10/21/2015,1182,15
10/22/2015,1194,2
10/23/2015,1201,0
10/24/2015,1215,2
10/25/2015,1167,6
10/26/2015,1074,11
10/27/2015,1164,15
10/28/2015,1176,15
10/29/2015,1123,15
10/30/2015,1145,15
10/31/2015,1123,15
11/1/2015,620,8
11/2/2015,576,1
11/3/2015,594,1
11/4/2015,621,31
11/5/2015,657,40
11/6/2015,670,13
11/7/2015,597,10
11/8/2015,610,0
11/9/2015,618,28
11/10/2015,581,40
11/11/2015,578,47
11/12/2015,454,68
11/13/2015,431,107
11/14/2015,426,119
11/15/2015,404,110
11/16/2015,396,87
11/17/2015,337,74
11/18/2015,318,93
11/19/2015,349,107
11/20/2015,331,107
11/21/2015,276,106
11/22/2015,190,106
11/23/2015,182,93
11/24/2015,205,56
11/25/2015,201,38
11/26/2015,195,38
11/27/2015,158,36
11/28/2015,171,37
11/29/2015,170,38
11/30/2015,164,41
12/1/2015,0,40
12/2/2015,0,42
12/3/2015,0,41
12/4/2015,0,44
12/5/2015,0,46
12/6/2015,0,45
12/7/2015,0,41
12/8/2015,0,33
12/9/2015,0,30
12/10/2015,0,22
12/11/2015,0,25
12/12/2015,0,27
12/13/2015,0,17
12/14/2015,0,11
12/15/2015,0,98
12/16/2015,0,108
12/17/2015,0,118
12/18/2015,0,214
12/19/2015,0,218
12/20/2015,0,153
12/21/2015,0,150
12/22/2015,0,35
12/23/2015,0,35
12/24/2015,0,35
12/25/2015,0,3
12/26/2015,0,3
12/27/2015,0,3
12/28/2015,0,3
12/29/2015,0,2
12/30/2015,0,2
12/31/2015,0,2
1/1/2016,0,3
1/2/2016,0,3
1/3/2016,0,12
1/4/2016,0,12
1/5/2016,0,34
1/6/2016,0,35
1/7/2016,0,39
1/8/2016,0,12
1/9/2016,0,3
1/10/2016,0,3
1/11/2016,0,3
1/12/2016,0,13
1/13/2016,0,20
1/14/2016,0,19
1/15/2016,0,7
1/16/2016,0,2
1/17/2016,0,3
1/18/2016,0,6
1/19/2016,0,11
1/20/2016,0,7
1/21/2016,0,7
1/22/2016,0,6
1/23/2016,0,5
1/24/2016,0,7
1/25/2016,0,8
1/26/2016,0,8
1/27/2016,0,44
1/28/2016,0,30
1/29/2016,0,2
1/30/2016,0,2
1/31/2016,0,3
2/1/2016,0,35
2/2/2016,0,43
2/3/2016,0,35
2/4/2016,0,32
2/5/2016,0,33
2/6/2016,0,33
2/7/2016,0,33
2/8/2016,0,34
2/9/2016,0,27
2/10/2016,0,21
2/11/2016,0,19
2/12/2016,0,20
2/13/2016,0,8
2/14/2016,0,2
2/15/2016,0,2
2/16/2016,0,3
2/17/2016,0,3
2/18/2016,0,3
2/19/2016,0,3
2/20/2016,0,2
2/21/2016,0,6
2/22/2016,0,7
2/23/2016,0,14
2/24/2016,0,14
2/25/2016,0,15
2/26/2016,0,13
2/27/2016,0,5
2/28/2016,0,12
2/29/2016,0,13
3/1/2016,0,9
3/2/2016,0,13
3/3/2016,0,3
3/4/2016,0,3
3/5/2016,0,2
3/6/2016,0,2
3/7/2016,0,2
3/8/2016,0,3
3/9/2016,0,38
3/10/2016,0,49
3/11/2016,0,49
3/12/2016,0,48
3/13/2016,0,48
3/14/2016,0,48
3/15/2016,0,49
3/16/2016,0,49
3/17/2016,0,53
3/18/2016,0,45
3/19/2016,0,45
3/20/2016,0,46
3/21/2016,0,50
3/22/2016,0,53
3/23/2016,0,53
3/24/2016,0,23
3/25/2016,0,18
3/26/2016,0,24
3/27/2016,0,24
3/28/2016,0,24
3/29/2016,0,24
3/30/2016,0,12
3/31/2016,0,6
4/1/2016,216,0
4/2/2016,223,0
4/3/2016,293,11
4/4/2016,271,9
4/5/2016,287,9
4/6/2016,302,13
4/7/2016,395,32
4/8/2016,603,21
4/9/2016,501,12
4/10/2016,486,7
4/11/2016,619,13
4/12/2016,659,162
4/13/2016,695,143
4/14/2016,666,37
4/15/2016,695,40
4/16/2016,713,33
4/17/2016,796,30
4/18/2016,1171,47
4/19/2016,1624,55
4/20/2016,1894,68
4/21/2016,2167,71
4/22/2016,2610,82
4/23/2016,2785,110
4/24/2016,2961,141
4/25/2016,3152,153
4/26/2016,3228,180
4/27/2016,3502,203
4/28/2016,3469,222
4/29/2016,3587,244
4/30/2016,3827,343
5/1/2016,4120,320
5/2/2016,4471,483
5/3/2016,4594,473
5/4/2016,4496,462
5/5/2016,4532,443
5/6/2016,4501,411
5/7/2016,4109,437
5/8/2016,3735,438
5/9/2016,3624,433
5/10/2016,3491,456
5/11/2016,3530,458
5/12/2016,3730,456
5/13/2016,4121,468
5/14/2016,4228,764
5/15/2016,4615,733
5/16/2016,4280,688
5/17/2016,4229,824
5/18/2016,4229,608
5/19/2016,4281,578
5/20/2016,4257,589
5/21/2016,4130,697
5/22/2016,3587,710
5/23/2016,3625,605
5/24/2016,3388,607
5/25/2016,3700,553
5/26/2016,3502,546
5/27/2016,3683,459
5/28/2016,3635,459
5/29/2016,3737,451
5/30/2016,3809,625
5/31/2016,3898,592
6/1/2016,3948,651
6/2/2016,3795,597
6/3/2016,3788,542
6/4/2016,3966,517
6/5/2016,3816,486
6/6/2016,3835,598
6/7/2016,3666,542
6/8/2016,3932,588
6/9/2016,3822,451
6/10/2016,3898,399
6/11/2016,3712,408
6/12/2016,4243,411
6/13/2016,4166,522
6/14/2016,4180,525
6/15/2016,4280,508
6/16/2016,4327,495
6/17/2016,4179,413
6/18/2016,4196,391
6/19/2016,3890,371
6/20/2016,3664,444
6/21/2016,3853,465
6/22/2016,4179,494
6/23/2016,4271,482
6/24/2016,4314,611
6/25/2016,4304,614
6/26/2016,4678,566
6/27/2016,4590,576
6/28/2016,4635,548
6/29/2016,4634,620
6/30/2016,4723,616
7/1/2016,4588,679
7/2/2016,4719,693
7/3/2016,4606,535
7/4/2016,4617,564
7/5/2016,4535,568
7/6/2016,4622,692
7/7/2016,4750,705
7/8/2016,4548,653
7/9/2016,4494,634
7/10/2016,4478,468
7/11/2016,4489,478
7/12/2016,4663,472
7/13/2016,4752,573
7/14/2016,4738,570
7/15/2016,4581,557
7/16/2016,4779,549
7/17/2016,4759,424
7/18/2016,4742,389
7/19/2016,4711,436
7/20/2016,4796,564
7/21/2016,4642,565
7/22/2016,4540,562
7/23/2016,4564,569
7/24/2016,4565,441
7/25/2016,4414,457
7/26/2016,4214,465
7/27/2016,4073,626
7/28/2016,4060,625
7/29/2016,3944,592
7/30/2016,4062,661
7/31/2016,3878,702
8/1/2016,3801,715
8/2/2016,3908,621
8/3/2016,3883,626
8/4/2016,4005,596
8/5/2016,3856,661
8/6/2016,3774,671
8/7/2016,3754,631
8/8/2016,3789,690
8/9/2016,3579,577
8/10/2016,3714,572
8/11/2016,3713,542
8/12/2016,3543,594
8/13/2016,3624,573
8/14/2016,3438,564
8/15/2016,3419,542
8/16/2016,3364,478
8/17/2016,3302,462
8/18/2016,3217,467
8/19/2016,3159,400
8/20/2016,3021,384
8/21/2016,2921,393
8/22/2016,3323,402
8/23/2016,2714,310
8/24/2016,2548,306
8/25/2016,2384,289
8/26/2016,2202,320
8/27/2016,2211,316
8/28/2016,2179,279
8/29/2016,1963,281
8/30/2016,1858,206
8/31/2016,1748,212
9/1/2016,1680,182
9/2/2016,1434,184
9/3/2016,1463,193
9/4/2016,1395,234
9/5/2016,1290,242
9/6/2016,1222,221
9/7/2016,1189,215
9/8/2016,1175,146
9/9/2016,1099,146
9/10/2016,1072,107
9/11/2016,1014,63
9/12/2016,923,76
9/13/2016,896,70
9/14/2016,888,35
9/15/2016,864,37
9/16/2016,854,31
9/17/2016,915,12
9/18/2016,841,11
9/19/2016,803,10
9/20/2016,799,9
9/21/2016,823,18
9/22/2016,859,20
9/23/2016,794,23
9/24/2016,784,22
9/25/2016,779,15
9/26/2016,779,24
9/27/2016,773,22
9/28/2016,798,32
9/29/2016,779,36
9/30/2016,630,27
10/1/2016,601,24
10/2/2016,611,23
10/3/2016,632,18
10/4/2016,834,17
10/5/2016,891,11
10/6/2016,926,12
10/7/2016,1011,13
10/8/2016,1084,13
10/9/2016,1108,13
10/10/2016,1138,16
10/11/2016,1183,22
10/12/2016,1270,73
10/13/2016,1321,65
10/14/2016,1327,57
10/15/2016,1456,19
10/16/2016,1645,99
10/17/2016,524,34
10/18/2016,521,33
10/19/2016,708,31
10/20/2016,685,29
10/21/2016,930,6
10/22/2016,658,2
10/23/2016,679,2
10/24/2016,861,2
10/25/2016,782,14
10/26/2016,760,14
10/27/2016,778,53
10/28/2016,798,53
10/29/2016,695,48
10/30/2016,647,48
10/31/2016,730,48
11/1/2016,515,76
11/2/2016,386,76
11/3/2016,408,114
11/4/2016,410,114
11/5/2016,421,130
11/6/2016,383,130
11/7/2016,440,67
11/8/2016,416,67
11/9/2016,436,67
11/10/2016,501,98
11/11/2016,510,98
11/12/2016,526,115
11/13/2016,553,116
11/14/2016,529,90
11/15/2016,536,92
11/16/2016,542,94
11/17/2016,545,141
11/18/2016,530,141
11/19/2016,504,161
11/20/2016,508,159
11/21/2016,417,109
11/22/2016,424,108
11/23/2016,437,107
11/24/2016,442,154
11/25/2016,436,154
11/26/2016,477,138
11/27/2016,386,138
11/28/2016,454,67
11/29/2016,457,68
11/30/2016,468,66
12/1/2016,481,83
12/2/2016,402,84
12/3/2016,378,111
12/4/2016,429,113
12/5/2016,401,130
12/6/2016,354,130
12/7/2016,431,85
12/8/2016,337,134
12/9/2016,344,132
12/10/2016,332,106
12/11/2016,72,99
12/12/2016,43,86
12/13/2016,42,82
12/14/2016,42,27
12/15/2016,42,16
12/16/2016,43,0
12/17/2016,47,0
12/18/2016,43,0
12/19/2016,42,0
12/20/2016,45,0
12/21/2016,44,0
12/22/2016,57,0
12/23/2016,58,0
12/24/2016,54,0
12/25/2016,54,0
12/26/2016,49,0
12/27/2016,49,0
12/28/2016,49,0
12/29/2016,258,0
12/30/2016,286,0
12/31/2016,244,0
