<?xml version="1.0" encoding="UTF-8"?>
<metadata xml:lang="en"><Esri><CreaDate>20170316</CreaDate><CreaTime>15504600</CreaTime><SyncOnce>FALSE</SyncOnce><SyncDate>20070906</SyncDate><SyncTime>14100000</SyncTime><ModDate>20070906</ModDate><ModTime>14100000</ModTime><DataProperties><lineage><Process Name="SmoothLine_1" ToolSource="C:\Program Files\ArcGIS\ArcToolbox\Toolboxes\Data Management Tools.tbx\SmoothLine" Date="20050503" Time="102052">SmoothLine "Major Waterway" C:\Projects\Atlas\Biodiversity_Atlas\Data\Water.mdb\MajorRivers\RiverRoutes_SmoothLine PAEK "1000.000000 Meters" FIXED_CLOSED_ENDPOINT</Process><Process Name="FeatureClassToFeatureClass_10" ToolSource="C:\Program Files\ArcGIS\ArcToolbox\Toolboxes\Conversion Tools.tbx\FeatureClassToFeatureClass" Date="20070906" Time="140927">FeatureClassToFeatureClass "Database Connections\imssql2 - sde_base_map.sde\sde_base_map.DBO.major_rivers_ta83" C:\Projects\Temp major_rivers_ta83.shp # "RIVERS_ RIVERS# true true false 4 Long 0 10 ,First,#,Database Connections\imssql2 - sde_base_map.sde\sde_base_map.DBO.major_rivers_ta83,RIVERS_,-1,-1;RIVERS_ID RIVERS-ID true true false 4 Long 0 10 ,First,#,Database Connections\imssql2 - sde_base_map.sde\sde_base_map.DBO.major_rivers_ta83,RIVERS_ID,-1,-1;PNAME PNAME true true false 30 Text 0 0 ,First,#,Database Connections\imssql2 - sde_base_map.sde\sde_base_map.DBO.major_rivers_ta83,PNAME,-1,-1;SmoLnFlag SmoLnFlag true true false 2 Short 0 5 ,First,#,Database Connections\imssql2 - sde_base_map.sde\sde_base_map.DBO.major_rivers_ta83,SmoLnFlag,-1,-1;len len false false true 0 Double 0 0 ,First,#,Database Connections\imssql2 - sde_base_map.sde\sde_base_map.DBO.major_rivers_ta83,Shape.len,-1,-1" # C:\Projects\Temp\major_rivers_ta83.shp</Process><Process Name="FeatureClassToFeatureClass_11" ToolSource="C:\Program Files\ArcGIS\ArcToolbox\Toolboxes\Conversion Tools.tbx\FeatureClassToFeatureClass" Date="20070906" Time="141002">FeatureClassToFeatureClass C:\Projects\Temp\major_rivers_ta83.shp "Database Connections\imssql2 - sde_base_map.sde\sde_base_map.DBO.CA_Hydro_TA83" major_rivers_ta83 # "RIVERS_ RIVERS_ true false false 10 Double 0 10 ,First,#,C:\Projects\Temp\major_rivers_ta83.shp,RIVERS_,-1,-1;RIVERS_ID RIVERS_ID true false false 10 Double 0 10 ,First,#,C:\Projects\Temp\major_rivers_ta83.shp,RIVERS_ID,-1,-1;PNAME PNAME true false false 30 Text 0 0 ,First,#,C:\Projects\Temp\major_rivers_ta83.shp,PNAME,-1,-1;SmoLnFlag SmoLnFlag true false false 5 Long 0 5 ,First,#,C:\Projects\Temp\major_rivers_ta83.shp,SmoLnFlag,-1,-1;len len true false false 19 Double 0 0 ,First,#,C:\Projects\Temp\major_rivers_ta83.shp,len,-1,-1" # "Database Connections\imssql2 - sde_base_map.sde\sde_base_map.DBO.CA_Hydro_TA83\sde_base_map.DBO.major_rivers_ta83"</Process></lineage><itemProps><itemLocation><linkage Sync="TRUE">file://\\WILLOW\Users\Sadie\Documents\ArcGIS\Default.gdb</linkage><protocol Sync="TRUE">Local Area Network</protocol></itemLocation></itemProps></DataProperties><ArcGISFormat>1.0</ArcGISFormat></Esri><idinfo><native Sync="TRUE">Microsoft Windows XP Version 5.1 (Build 2600) Service Pack 2; ESRI ArcCatalog 9.2.2.1350</native><descript><langdata Sync="TRUE">en</langdata><abstract>REQUIRED: A brief narrative summary of the data set.</abstract><purpose>REQUIRED: A summary of the intentions with which the data set was developed.</purpose></descript><citation><citeinfo><origin>REQUIRED: The name of an organization or individual that developed the data set.</origin><pubdate>REQUIRED: The date when the data set is published or otherwise made available for release.</pubdate><title Sync="TRUE">sde_base_map.DBO.major_rivers_ta83</title><ftname Sync="TRUE">sde_base_map.DBO.major_rivers_ta83</ftname><geoform Sync="TRUE">vector digital data</geoform><onlink Sync="TRUE"></onlink></citeinfo></citation><timeperd><current>REQUIRED: The basis on which the time period of content information is determined.</current><timeinfo><sngdate><caldate>REQUIRED: The year (and optionally month, or month and day) for which the data set corresponds to the ground.</caldate></sngdate></timeinfo></timeperd><status><progress>REQUIRED: The state of the data set.</progress><update>REQUIRED: The frequency with which changes and additions are made to the data set after the initial data set is completed.</update></status><spdom><bounding><westbc Sync="TRUE">REQUIRED: Western-most coordinate of the limit of coverage expressed in longitude.</westbc><eastbc Sync="TRUE">REQUIRED: Eastern-most coordinate of the limit of coverage expressed in longitude.</eastbc><northbc Sync="TRUE">REQUIRED: Northern-most coordinate of the limit of coverage expressed in latitude.</northbc><southbc Sync="TRUE">REQUIRED: Southern-most coordinate of the limit of coverage expressed in latitude.</southbc></bounding></spdom><keywords><theme><themekt>REQUIRED: Reference to a formally registered thesaurus or a similar authoritative source of theme keywords.</themekt><themekey>REQUIRED: Common-use word or phrase used to describe the subject of the data set.</themekey></theme></keywords><accconst>REQUIRED: Restrictions and legal prerequisites for accessing the data set.</accconst><useconst>REQUIRED: Restrictions and legal prerequisites for using the data set after access is granted.</useconst><natvform Sync="TRUE">SDE Feature Class</natvform></idinfo><dataIdInfo><envirDesc Sync="TRUE">Microsoft Windows XP Version 5.1 (Build 2600) Service Pack 2; ESRI ArcCatalog 9.2.2.1350</envirDesc><dataLang><languageCode Sync="TRUE" value="en"></languageCode></dataLang><idCitation><resTitle Sync="TRUE">sde_base_map.DBO.major_rivers_ta83</resTitle><presForm><PresFormCd Sync="TRUE" value="005"></PresFormCd></presForm></idCitation><spatRpType><SpatRepTypCd Sync="TRUE" value="001"></SpatRepTypCd></spatRpType></dataIdInfo><metainfo><langmeta Sync="TRUE">en</langmeta><metstdn Sync="TRUE">FGDC Content Standards for Digital Geospatial Metadata</metstdn><metstdv Sync="TRUE">FGDC-STD-001-1998</metstdv><mettc Sync="TRUE">local time</mettc><metc><cntinfo><cntorgp><cntper>REQUIRED: The person responsible for the metadata information.</cntper><cntorg>REQUIRED: The organization responsible for the metadata information.</cntorg></cntorgp><cntaddr><addrtype>REQUIRED: The mailing and/or physical address for the organization or individual.</addrtype><city>REQUIRED: The city of the address.</city><state>REQUIRED: The state or province of the address.</state><postal>REQUIRED: The ZIP or other postal code of the address.</postal></cntaddr><cntvoice>REQUIRED: The telephone number by which individuals can speak to the organization or individual.</cntvoice></cntinfo></metc><metd Sync="TRUE">20070906</metd><metextns><onlink Sync="TRUE">http://www.esri.com/metadata/esriprof80.html</onlink><metprof Sync="TRUE">ESRI Metadata Profile</metprof></metextns></metainfo><mdLang><languageCode Sync="TRUE" value="en"></languageCode></mdLang><mdStanName Sync="TRUE">ISO 19115 Geographic Information - Metadata</mdStanName><mdStanVer Sync="TRUE">DIS_ESRI1.0</mdStanVer><mdChar><CharSetCd Sync="TRUE" value="004"></CharSetCd></mdChar><mdHrLv><ScopeCd Sync="TRUE" value="005"></ScopeCd></mdHrLv><mdHrLvName Sync="TRUE">dataset</mdHrLvName><distinfo><resdesc Sync="TRUE">Downloadable Data</resdesc><stdorder><digform><digtinfo><transize Sync="TRUE">0.000</transize><dssize Sync="TRUE">0.000</dssize></digtinfo></digform></stdorder></distinfo><distInfo><distributor><distorTran><onLineSrc><orDesc Sync="TRUE">002</orDesc><linkage Sync="TRUE">file://</linkage><protocol Sync="TRUE">Local Area Network</protocol></onLineSrc><transSize Sync="TRUE">0.000</transSize></distorTran><distorFormat><formatName Sync="TRUE">SDE Feature Class</formatName></distorFormat></distributor></distInfo><spdoinfo><direct Sync="TRUE">Vector</direct><ptvctinf><esriterm Name="sde_base_map.DBO.major_rivers_ta83"><efeatyp Sync="TRUE">Simple</efeatyp><efeageom Sync="TRUE">Polyline</efeageom><esritopo Sync="TRUE">FALSE</esritopo><efeacnt Sync="TRUE">0</efeacnt><spindex Sync="TRUE">TRUE</spindex><linrefer Sync="TRUE">TRUE</linrefer></esriterm><sdtsterm Name="sde_base_map.DBO.major_rivers_ta83"><sdtstype Sync="TRUE">String</sdtstype><ptvctcnt Sync="TRUE">0</ptvctcnt></sdtsterm></ptvctinf></spdoinfo><spref><horizsys><cordsysn><geogcsn Sync="TRUE">GCS_North_American_1983</geogcsn><projcsn Sync="TRUE">NAD_1983_California_Teale_Albers</projcsn></cordsysn><planar><planci><plance Sync="TRUE">coordinate pair</plance><plandu Sync="TRUE">meters</plandu><coordrep><absres Sync="TRUE">0.000100</absres><ordres Sync="TRUE">0.000100</ordres></coordrep></planci><mapproj><mapprojn Sync="TRUE">Albers Conical Equal Area</mapprojn><albers><stdparll Sync="TRUE">34.000000</stdparll><stdparll Sync="TRUE">40.500000</stdparll><longcm Sync="TRUE">-120.000000</longcm><latprjo Sync="TRUE">0.000000</latprjo><feast Sync="TRUE">0.000000</feast><fnorth Sync="TRUE">-4000000.000000</fnorth></albers></mapproj></planar><geodetic><horizdn Sync="TRUE">North American Datum of 1983</horizdn><ellips Sync="TRUE">Geodetic Reference System 80</ellips><semiaxis Sync="TRUE">6378137.000000</semiaxis><denflat Sync="TRUE">298.257222</denflat></geodetic></horizsys><vertdef><altsys><altenc Sync="TRUE">Explicit elevation coordinate included with horizontal coordinates</altenc><altres Sync="TRUE">1.000000</altres></altsys></vertdef></spref><refSysInfo><RefSystem><refSysID><identCode Sync="TRUE">NAD_1983_California_Teale_Albers</identCode></refSysID></RefSystem></refSysInfo><spatRepInfo><VectSpatRep><topLvl><TopoLevCd Sync="TRUE" value="001"></TopoLevCd></topLvl><geometObjs Name="sde_base_map.DBO.major_rivers_ta83"><geoObjTyp><GeoObjTypCd Sync="TRUE" value="001"></GeoObjTypCd></geoObjTyp><geoObjCnt Sync="TRUE">0</geoObjCnt></geometObjs></VectSpatRep></spatRepInfo><eainfo><detailed Name="sde_base_map.DBO.major_rivers_ta83"><enttyp><enttypl Sync="TRUE">sde_base_map.DBO.major_rivers_ta83</enttypl><enttypt Sync="TRUE">Feature Class</enttypt><enttypc Sync="TRUE">0</enttypc></enttyp><attr><attrlabl Sync="TRUE">Shape</attrlabl><attalias Sync="TRUE">Shape</attalias><attrtype Sync="TRUE">Geometry</attrtype><attwidth Sync="TRUE">0</attwidth><atprecis Sync="TRUE">0</atprecis><attscale Sync="TRUE">0</attscale><attrdef Sync="TRUE">Feature geometry.</attrdef><attrdefs Sync="TRUE">ESRI</attrdefs><attrdomv><udom Sync="TRUE">Coordinates defining the features.</udom></attrdomv></attr><attr><attrlabl Sync="TRUE">RIVERS_</attrlabl><attalias Sync="TRUE">RIVERS#</attalias><attrtype Sync="TRUE">Integer</attrtype><attwidth Sync="TRUE">4</attwidth><atprecis Sync="TRUE">0</atprecis><attscale Sync="TRUE">0</attscale></attr><attr><attrlabl Sync="TRUE">RIVERS_ID</attrlabl><attalias Sync="TRUE">RIVERS-ID</attalias><attrtype Sync="TRUE">Number</attrtype><attwidth Sync="TRUE">10</attwidth></attr><attr><attrlabl Sync="TRUE">SmoLnFlag</attrlabl><attalias Sync="TRUE">SmoLnFlag</attalias><attrtype Sync="TRUE">Number</attrtype><attwidth Sync="TRUE">5</attwidth></attr><attr><attrlabl Sync="TRUE">PNAME</attrlabl><attalias Sync="TRUE">PNAME</attalias><attrtype Sync="TRUE">Number</attrtype><attwidth Sync="TRUE">10</attwidth></attr><attr><attrlabl Sync="TRUE">OBJECTID</attrlabl><attalias Sync="TRUE">OBJECTID</attalias><attrtype Sync="TRUE">OID</attrtype><attwidth Sync="TRUE">4</attwidth><atprecis Sync="TRUE">10</atprecis><attscale Sync="TRUE">0</attscale><attrdef Sync="TRUE">Internal feature number.</attrdef><attrdefs Sync="TRUE">ESRI</attrdefs><attrdomv><udom Sync="TRUE">Sequential unique whole numbers that are automatically generated.</udom></attrdomv></attr><attr><attrlabl Sync="TRUE">sde_base_map.DBO.major_rivers_ta83.len</attrlabl><attalias Sync="TRUE">sde_base_map.DBO.major_rivers_ta83.len</attalias><attrtype Sync="TRUE">Double</attrtype><attwidth Sync="TRUE">8</attwidth><atprecis Sync="TRUE">38</atprecis><attscale Sync="TRUE">8</attscale></attr><attr><attrlabl Sync="TRUE">Shape.len</attrlabl><attalias Sync="TRUE">Shape.len</attalias><attrtype Sync="TRUE">Double</attrtype><attwidth Sync="TRUE">0</attwidth><atprecis Sync="TRUE">0</atprecis><attscale Sync="TRUE">0</attscale></attr></detailed></eainfo><mdDateSt Sync="TRUE">20070906</mdDateSt><dataqual><lineage><procstep><procdesc Sync="TRUE">Dataset copied.</procdesc><srcused Sync="TRUE">\\onyx.ims.ad.ceres.ca.gov\GISDATA\Projects\Eric\Atlas\Biodiversity_Atlas\Data\Water.mdb</srcused><date Sync="TRUE">20070906</date><time Sync="TRUE">14075800</time></procstep><procstep><procdesc Sync="TRUE">Dataset copied.</procdesc><srcused Sync="TRUE">Server=sde_base_map on imssql2; Service=sde:sqlserver:imssql2.ims.ad.ceres.ca.gov; Database=sde_base_map; User=sa; Version=dbo.DEFAULT</srcused><date Sync="TRUE">20080528</date><time Sync="TRUE">14030400</time></procstep></lineage></dataqual></metadata>
